-- phpMyAdmin SQL Dump
-- version 3.4.11.1deb2
-- http://www.phpmyadmin.net
--
-- Хост: localhost
-- Время создания: Авг 15 2013 г., 10:54
-- Версия сервера: 5.5.31
-- Версия PHP: 5.4.4-14+deb7u2

SET SQL_MODE="NO_AUTO_VALUE_ON_ZERO";
SET time_zone = "+00:00";


/*!40101 SET @OLD_CHARACTER_SET_CLIENT=@@CHARACTER_SET_CLIENT */;
/*!40101 SET @OLD_CHARACTER_SET_RESULTS=@@CHARACTER_SET_RESULTS */;
/*!40101 SET @OLD_COLLATION_CONNECTION=@@COLLATION_CONNECTION */;
/*!40101 SET NAMES utf8 */;

--
-- База данных: `ikerp`
--

-- --------------------------------------------------------

--
-- Структура таблицы `day_costs`
--

CREATE TABLE IF NOT EXISTS `day_costs` (
  `id` int(10) unsigned NOT NULL AUTO_INCREMENT,
  `date` date NOT NULL,
  `cost` int(11) NOT NULL,
  PRIMARY KEY (`id`)
) ENGINE=InnoDB  DEFAULT CHARSET=utf8 COLLATE=utf8_unicode_ci AUTO_INCREMENT=12 ;

--
-- Дамп данных таблицы `day_costs`
--

INSERT INTO `day_costs` (`id`, `date`, `cost`) VALUES
(1, '2013-08-11', 500000),
(2, '2013-08-12', 500000),
(3, '2013-08-13', 500000),
(4, '2013-08-26', 0),
(5, '2013-08-27', 0),
(6, '2013-08-28', 0),
(7, '2013-08-14', 670000),
(8, '2013-08-15', 700000),
(9, '2013-08-16', 600000),
(10, '2013-08-17', 200000),
(11, '2013-08-18', 500000);

-- --------------------------------------------------------

--
-- Структура таблицы `orders`
--

CREATE TABLE IF NOT EXISTS `orders` (
  `id` int(10) unsigned NOT NULL AUTO_INCREMENT,
  `status` int(11) NOT NULL,
  `date` date NOT NULL,
  `shipping_date` date NOT NULL,
  `date_start` date NOT NULL,
  `fact_shipping_date` date NOT NULL,
  `division` int(11) NOT NULL,
  `worker` varchar(255) NOT NULL,
  `customer` varchar(255) NOT NULL,
  `customer_phone` varchar(20) DEFAULT NULL,
  `comment` text,
  `need_install` tinyint(1) NOT NULL,
  `install_person` varchar(255) DEFAULT NULL,
  `install_phone` varchar(255) DEFAULT NULL,
  `install_address` varchar(255) DEFAULT NULL,
  `install_comment` text,
  PRIMARY KEY (`id`)
) ENGINE=InnoDB  DEFAULT CHARSET=utf8 AUTO_INCREMENT=16 ;

--
-- Дамп данных таблицы `orders`
--

INSERT INTO `orders` (`id`, `status`, `date`, `shipping_date`, `date_start`, `fact_shipping_date`, `division`, `worker`, `customer`, `customer_phone`, `comment`, `need_install`, `install_person`, `install_phone`, `install_address`, `install_comment`) VALUES
(10, 1, '2013-08-11', '2013-08-11', '2013-08-11', '2013-08-11', 1, '132123', '123321321321', '+7 (321) 321-32-12', '23132131213266', 0, '', '', '', ''),
(11, 1, '2013-08-11', '2013-08-24', '2013-08-11', '2013-08-12', 1, '12442', '42141', '+7 (412) 142-41-24', '412412412', 0, '', '', '', ''),
(12, 1, '2013-08-11', '2013-08-22', '2013-08-12', '2013-08-12', 1, 'Игорь', 'Детский сад №1', '+7 (222) 222-11-11', '', 1, '44', '+7 (888) 888-88-88', '22', '22'),
(13, 1, '2013-08-13', '2013-08-15', '2013-08-12', '2013-08-15', 1, 'test', 'test', '+7 (455) 645-64-56', 'test', 1, 'test', '+7 (435) 345-34-53', '345345345', '34534534534'),
(14, 1, '2013-08-13', '2013-08-23', '2013-08-15', '2013-08-15', 1, '125', '125125', '', '125215', 0, '', '', '', ''),
(15, 1, '2013-08-13', '2013-08-16', '2013-08-15', '2013-08-15', 2, 'Кирилл', 'ЕЕ', '+7 (111) 111-11-11', '', 1, 'Антон', '+7 (111) 122-22-22', '2', '2');

-- --------------------------------------------------------

--
-- Структура таблицы `order_products`
--

CREATE TABLE IF NOT EXISTS `order_products` (
  `id` int(10) unsigned NOT NULL AUTO_INCREMENT,
  `order_id` int(10) unsigned NOT NULL,
  `product_id` int(10) unsigned NOT NULL,
  `pos` int(10) unsigned NOT NULL,
  `count` int(10) unsigned NOT NULL,
  `comment` text COLLATE utf8_unicode_ci NOT NULL,
  `state_1` tinyint(1) NOT NULL,
  `state_2` tinyint(1) NOT NULL,
  `state_3` tinyint(1) NOT NULL,
  PRIMARY KEY (`id`)
) ENGINE=InnoDB  DEFAULT CHARSET=utf8 COLLATE=utf8_unicode_ci AUTO_INCREMENT=37 ;

--
-- Дамп данных таблицы `order_products`
--

INSERT INTO `order_products` (`id`, `order_id`, `product_id`, `pos`, `count`, `comment`, `state_1`, `state_2`, `state_3`) VALUES
(1, 1, 1, 1, 1, '', 0, 0, 0),
(2, 1, 1, 2, 1, '', 0, 0, 0),
(3, 1, 1, 3, 1, '', 0, 0, 0),
(4, 2, 1, 1, 1, '', 0, 0, 0),
(5, 2, 1, 2, 1, '', 0, 0, 0),
(6, 2, 1, 3, 1, '', 0, 0, 0),
(7, 3, 5, 1, 10, '', 0, 0, 0),
(8, 4, 1, 1, 1, '', 0, 0, 0),
(9, 4, 1, 2, 1, '', 0, 0, 0),
(10, 4, 1, 3, 1, '', 0, 0, 0),
(11, 5, 5, 1, 10, '', 0, 0, 0),
(12, 6, 5, 1, 10, '', 0, 0, 0),
(13, 7, 5, 1, 10, '', 0, 0, 0),
(14, 8, 1, 1, 1, '', 0, 0, 0),
(15, 8, 1, 2, 1, '', 0, 0, 0),
(16, 8, 1, 3, 1, '', 0, 0, 0),
(17, 9, 1, 1, 1, '', 0, 0, 0),
(18, 9, 1, 2, 1, '', 0, 0, 0),
(19, 9, 1, 3, 1, '', 0, 0, 0),
(20, 10, 1, 1, 100, '', 1, 1, 1),
(21, 10, 1, 2, 10, '', 1, 1, 1),
(22, 10, 1, 3, 10, '', 1, 1, 1),
(23, 11, 1, 1, 1, '', 0, 1, 1),
(24, 11, 1, 2, 133, '', 1, 0, 1),
(25, 11, 1, 3, 1, '', 1, 1, 0),
(26, 12, 2, 1, 1, '2', 0, 1, 0),
(27, 12, 3, 2, 1, '', 1, 1, 1),
(28, 12, 5, 3, 1, 'Разраотать', 1, 1, 0),
(29, 13, 1, 1, 1, '', 1, 1, 1),
(30, 13, 4, 2, 200, '', 1, 1, 1),
(31, 13, 1, 3, 1, '', 1, 1, 1),
(32, 14, 1, 1, 1, 'Разработать', 0, 0, 0),
(33, 14, 1, 2, 1, '', 0, 0, 0),
(34, 14, 4, 3, 5, '', 1, 1, 1),
(35, 15, 4, 1, 1, '', 0, 0, 0),
(36, 15, 5, 2, 1, '', 0, 0, 0);

-- --------------------------------------------------------

--
-- Структура таблицы `products`
--

CREATE TABLE IF NOT EXISTS `products` (
  `id` int(10) unsigned NOT NULL AUTO_INCREMENT,
  `articul` varchar(15) NOT NULL,
  `name` varchar(255) NOT NULL,
  `price` int(11) NOT NULL DEFAULT '0',
  `unit` varchar(20) NOT NULL,
  `size` varchar(100) NOT NULL,
  PRIMARY KEY (`id`)
) ENGINE=InnoDB  DEFAULT CHARSET=utf8 AUTO_INCREMENT=326 ;

--
-- Дамп данных таблицы `products`
--

INSERT INTO `products` (`id`, `articul`, `name`, `price`, `unit`, `size`) VALUES
(1, '1245', 'Песочница простая', 3617, 'комплект', '2200х2200х250'),
(2, '1241', 'Песочница "Ромашки 1"', 4100, 'комплект', '1600х1600х600'),
(3, '1239', 'Песочница "Печка"', 15900, 'комплект', '1800х1700х1500'),
(4, '1244', 'Песочница с дверцами', 9000, 'комплект', '1500х1500х500'),
(5, '1242', 'Песочница "Ромашки 2"', 13600, 'комплект', '1600х1600х1400'),
(6, '1246', 'Песочница "Грибок"', 13117, 'комплект', '2000х2000х1700'),
(7, '1240', 'Песочница "Бабочка"', 8300, 'комплект', '1600х1600х1750'),
(8, '1243', 'Песочница с навесом', 18500, 'комплект', '2000х2000х1700'),
(9, '1238', 'Песочница "Пожарная машина"', 32500, 'комплект', '2600х1550х1500'),
(10, '1237', 'Игровая песочница', 23700, 'комплект', '2600х2400х1800'),
(11, '1203', 'Песочница "Ракушка"', 28517, 'комплект', '4300х3000х1850'),
(12, '1236', 'Песочный дворик тип-1', 32500, 'комплект', '2600х2600х1800'),
(13, '1202', 'Песочный дворик "Орешек -2"', 40206, 'комплект', '6200х2600х1600'),
(14, '1201', 'Песочный дворик "Орешек -4"', 62339, 'комплект', '6200х3800х1600'),
(15, '1205', 'Песочница "Кораблик"', 15594, 'комплект', '4200х1700х1700'),
(16, '1204', 'Песочница "Катерок"', 20900, 'комплект', '4200х1700х1300'),
(17, '1234', 'Песочница "Катерок 2"', 14500, 'комплект', '4100х1700х1500'),
(18, '1235', 'Песочница "Катерок-3"', 27000, 'комплект', '4100х1700х1500'),
(19, '1230', 'Песочница "Кремль"', 57000, 'комплект', '5500х4700х2700'),
(20, '1231', 'Песочница "Сосновый бор"', 57000, 'комплект', '5100х4650х2500'),
(21, '1232', 'Песочница "Шахматист"', 57000, 'комплект', '3800х3800х2500'),
(22, '1233', 'Песочница "Морячок"', 57000, 'комплект', '3800х3800х2500'),
(23, '1207', 'Песочница малая (с крышкой)', 2274, 'комплект', '1300*1300*200'),
(24, '1208', 'Песочница "Ларец" (с крышкой)', 4148, 'комплект', '1300*1300*200'),
(25, '1209', 'Песочница "Пенал" (с крышкой)', 4852, 'комплект', '1300*1300*200'),
(26, '1227', 'Песочница "Самурай"', 25000, 'комплект', '2400*2200*2000'),
(27, '1228', 'Песочница "Самурай тип 2"', 43800, 'комплект', '2300*2200*2000'),
(28, '1229', 'Песочница "Самурай тип 3"', 65650, 'комплект', '4300*4500*2500'),
(29, '1413', 'Бревно на цепях', 3500, 'комплект', '1600х380х400'),
(30, '1414', 'Бум бревно', 4000, 'комплект', '110х4000х600'),
(31, '1412', 'Качалка "Переправа"', 9161, 'комплект', '1900х1800х1700'),
(32, '1410', 'Бум бревно "Змейка-1"', 6661, 'комплект', '1000х2000х300'),
(33, '1441', 'Бум бревно "Змейка-2"', 7773, 'комплект', '3000*1000*300'),
(34, '1411', 'Разновысокое бревно "Гусеница-1"', 5156, 'комплект', '300х2500х500'),
(35, '1409', 'Арка-вход', 15600, 'комплект', '2000х270х3300'),
(36, '1402', 'Мини-карусель "Ромашка" ', 8094, 'комплект', '1000х1000х800'),
(37, '1404', 'Лабиринт "Крепость" 4 секций', 33844, 'комплект', '2100х2100х1200'),
(38, '1403', 'Лабиринт "Крепость" 6 секций', 48300, 'комплект', '3100х2100х1200'),
(39, '1407', 'Балансир "Забава" одинарная', 5683, 'комплект', '2100х650х700'),
(40, '1408', 'Балансир "Забава" двойная', 9639, 'комплект', '2100х1200х700'),
(41, '1405', 'Балансир "Лошадки" одинарные', 6200, 'комплект', '2100х650х700'),
(42, '1406', 'Балансир "Лошадки" двойные', 12306, 'комплект', '2100х1200х700'),
(43, '1424', 'Качалка "Самолет"', 6250, 'комплект', '1000х670х650'),
(44, '1427', 'Качалка "Лошадка"', 6100, 'комплект', '900х300х700'),
(45, '1428', 'Качалка "Бабочка"', 9400, 'комплект', '920х550х950'),
(46, '1429', 'Качалка "Петушок"', 8600, 'комплект', '800х550х800'),
(47, '1431', 'Качалка "Рыбка"', 8800, 'комплект', '920х550х800'),
(48, '1430', 'Качалка "Дельфин"', 9000, 'комплект', '760х550х850'),
(49, '1432', 'Качалка "Мишка"', 9250, 'комплект', '600х550х1050'),
(50, '1434', 'Качалка "Лягушонок"', 13200, 'комплект', '750х550х920'),
(51, '1425', 'Качалка "Мотоцикл"', 7800, 'комплект', '920х300х700'),
(52, '1426', 'Качалка "Мотороллер"', 9500, 'комплект', '920х240х800'),
(53, '1433', 'Качалка "Олимпийский мишка"', 9500, 'комплект', '500х550х1050'),
(54, '1420/1', 'Качалка "Ладья" тип 1', 10350, 'комплект', '1200*680*900'),
(55, '1420/2', 'Качалка "Ладья" тип 2', 14950, 'комплект', '1420*960*900'),
(56, '1419/1', 'Качалка "Кабриолет" тип 1', 10500, 'комплект', '1000*680*700'),
(57, '1419/2', 'Качалка "Кабриолет" тип 2', 14700, 'комплект', '1200*910*850'),
(58, '1422', 'Качалка "Скутер"', 8500, 'комплект', '1000х590х650'),
(59, '1417/1', 'Качалка "Машинка" тип 1', 10900, 'комплект', '1000*740*700'),
(60, '1417/2', 'Качалка "Машинка" тип 2', 19500, 'комплект', '1600*980*900'),
(61, '1423', 'Качалка "Вертолет"', 12650, 'комплект', '1200х890х1000'),
(62, '1418/1', 'Качалка "Джип" тип 1', 12300, 'комплект', '1100*910*1100'),
(63, '1418/2', 'Качалка "Джип" тип 2', 15400, 'комплект', '1200*910*1100'),
(64, '1421/1', 'Качалка "Кораблик" тип1', 9800, 'комплект', '1150*680*750'),
(65, '1421/2', 'Качалка "Кораблик" тип 2', 14150, 'комплект', '1250*960*820'),
(66, '1438', 'Столик "Семицветик"', 4261, 'комплект', '1600х1500х600'),
(67, '1435', 'Навес "Грибок"', 9500, 'комплект', '1500х1500х1600'),
(68, '1437', 'Столик с навесом "Семицветик"', 14661, 'комплект', '1800х1800х1800'),
(69, '1436', 'Столик с навесом "Грибок"', 13761, 'комплект', '1600х1500х2000'),
(70, '1416', 'Столик "Солнышко"', 7600, 'комплект', '1800*1800*500'),
(71, '1450', 'Таблица "Алфавит"', 7250, 'комплект', '2100х100х1200'),
(72, '1451', 'Таблица "Цифры"', 6800, 'комплект', '2100х100х1200'),
(73, '1452', '"Вращающиеся геометрические объекты"', 9820, 'комплект', '2100х100х1200'),
(74, '1453', 'Стойка "Магазин"', 10450, 'комплект', '2100х100х1200'),
(75, '1454', 'Элемент "Лабиринт"', 6080, 'комплект', '2100х100х1200'),
(76, '1455', 'Развивающий элемент "Шестеренки"', 9590, 'комплект', '2100х100х1200'),
(77, '1456', 'Комплекс "Умный малыш"', 49990, 'комплект', '4500х4500х1500'),
(78, '1443', 'Игровой элемент "Светофор"', 5852, 'комплект', '400х400х1400'),
(79, '1444', 'Игровой элемент "Знак пешеходного перехода"', 3689, 'комплект', '400х400х1400'),
(80, '1445', 'Ковер "Дорога"', 5481, 'комплект', '2400х1200'),
(81, '1446', 'Ковер "Пешеходный переход"', 5481, 'комплект', '2400х1200'),
(82, '1447', 'Игровой комплекс "Два перехода"', 53867, 'комплект', '6000х3200х1400'),
(83, '1448', 'Игровой комлекс "Перекресток"', 92978, 'комплект', '6000*6000*1400'),
(84, '1106', 'Качели простые', 5933, 'комплект', '1700х1300х1600'),
(85, '1104', 'Качели сборно-подвесные', 9422, 'комплект', '1900х1800х1700'),
(86, '1103', 'Качели сборно-подвесные двойные', 14139, 'комплект', '2900х1800х1700'),
(87, '1105', 'Качели П-двойные', 16244, 'комплект', '3000х700х1800'),
(88, '1108', 'Качели П-одиночные', 8934, 'комплект', '1500х700х1700'),
(89, '1109', 'Качель на цепях', 5370, 'комплект', '2000х1000х2000'),
(90, '1101', 'Качели-диван с навесом из кубиков', 15422, 'комплект', '1900х1300х1700'),
(91, '1102', 'Качели-диван с навесом', 17400, 'комплект', '1900х1300х1800'),
(92, '1110', 'Качели на цепях с резиновым подвесом', 8700, 'комплект', '1000*2000*2000'),
(93, '1111', 'Качели на цепях с резиновым подвесом двойные', 14200, 'комплект', '1000*3300*2000'),
(94, '1107', 'Качели диван парковый без навеса', 10450, 'комплект', '1900*1800*1700'),
(95, '1112/1', 'Качели простые тип 2', 4150, 'комплект', '1700х1300х1600'),
(96, '1112/2', 'Качели простые тип 3', 7400, 'комплект', '1700х1300х1600'),
(97, '1112/3', 'Качели простые тип 4', 15800, 'комплект', '1700х1300х1600'),
(98, '1340', 'Беседка "Ромашка"', 12100, 'комплект', '1400х1400х1600'),
(99, '1338', 'Беседка «Елочка»', 14767, 'комплект', '1200х1200х2200'),
(100, '1339', 'Беседка «Малая»', 21844, 'комплект', '2200х1200х1650'),
(101, '1302', 'Домик со счетами "Викинг"', 14422, 'комплект', '1250х800х1800'),
(102, '1336', 'Беседка с лошадками', 18700, 'комплект', '1500х1000х1800'),
(103, '1301', 'Домик "Теремок"', 22100, 'комплект', '1900х1600х1900'),
(104, '1337', 'Игровая беседка', 17300, 'комплект', '1300х900х1600'),
(105, '1333', 'Большая беседка', 22000, 'комплект', '1950х1550х2100'),
(106, '1334', 'Беседка "Карета"', 24733, 'комплект', '1750х1300х1450'),
(107, '1341', 'Беседка "Белоснежка"', 37500, 'комплект', '1500х1300х2800'),
(108, '1335', 'Беседка «Шатер»', 25000, 'комплект', '2400х1700х2100'),
(109, '1303', 'Беседка тип-1', 40917, 'комплект', '1800х1800х2300'),
(110, '1305', 'Беседка тип-2', 59694, 'комплект', '3200х1800х2300'),
(111, '1306', 'ИК с беседкой и башнями', 50322, 'комплект', '3900х3900х2300'),
(112, '1304', 'ИК с беседкой и домиками "Теремок"', 75200, 'комплект', '4200х4200х2300'),
(113, '1331', 'Беседка "Шахматист"', 75078, 'комплект', '2600х3800х2400'),
(114, '1332', 'Беседка "Солнечный дворик"', 70844, 'комплект', '3200х1800х1900'),
(115, '1343', 'Беседка "Весна"', 79609, 'комплект', '3000х3000х2200'),
(116, '1344', 'Теневой навес тип-1', 137188, 'комплект', '8400х5000х2500'),
(117, '1345', 'Теневой навес тип-2', 290398, 'комплект', '8400х5000х2500'),
(118, '1346', 'Теневой навес тип-3', 165226, 'комплект', '5000х4000х2500'),
(119, '1347', 'Теневой навес тип-4', 230316, 'комплект', '6300х5000х2500'),
(120, '1330', 'Беседка «Титан»', 198000, 'комплект', '5200х4400х2600'),
(121, '1348/1', 'Теневой навес тип-5 (синий)', 66500, 'комплект', '5000*2600*2300'),
(122, '1348/2', 'Теневой навес тип-5 (зеленый)', 66501, 'комплект', '5000*2600*2301'),
(123, '1342', 'Беседка "Вдохновение"', 19500, 'комплект', '1200*1050*1700'),
(124, '1349', 'Теневой навес тип-6', 201000, 'комплект', '8000*5500*2400'),
(125, '3217', 'Горка "Веселый малыш"', 16061, 'комплект', '2400х700х2200'),
(126, '3216', 'Горка "Сказочный скат"', 25256, 'комплект', '3100х700х2200'),
(127, '3224', 'Горка "Кораблик"', 15300, 'комплект', '1800х1300х1600'),
(128, '3243', 'Горка "Мамонтенок"', 29922, 'комплект', '3300х750х1700'),
(129, '3232', 'Горка "Кит"', 22844, 'комплект', '3800х750х2000'),
(130, '3214', 'Горка "Сказка"', 30956, 'комплект', '3100х800х2200'),
(131, '3215', 'Горка "Сказка +"', 33400, 'комплект', '3100х800х2200'),
(132, '3228', 'ИК "Русская сказка-1" ', 32000, 'комплект', '2100х2200х2700'),
(133, '3229', 'ИК "Русская сказка-16 из кубиков"', 33000, 'комплект', '2100х2500х2700'),
(134, '3219', 'ИК "Русская сказка -3"', 31300, 'комплект', '2200х2100х2700'),
(135, '3242', 'Горка "Вологодские кружева"', 33000, 'комплект', '2600х800х2300'),
(136, '3230', 'ИК "Русская сказка -2"', 69200, 'комплект', '3300х3800х2600'),
(137, '3236', 'ИК "Фургончик"', 36656, 'комплект', '2500х2000х1500'),
(138, '3227', 'ИК "Грузовичок" ', 42100, 'комплект', '3700х1500х1500'),
(139, '3221', 'ИК "Пожарная машина"', 64500, 'комплект', '4500х2700х2300'),
(140, '3247', 'ИК "Трактор"', 37300, 'комплект', '2300х1100х1600'),
(141, '3246', 'ИК "Автобус"', 54000, 'комплект', '3200х1250х1800'),
(142, '3218', 'ИК "Витязъ"', 85183, 'комплект', '5300х3500*3400'),
(143, '3225', 'ИК "Паровозик игровой"', 39900, 'комплект', '3200х800х2200'),
(144, '3238', 'ИК" Игровой паровозик с вагоном" тип 2', 65900, 'комплект', '5600х1500х2200'),
(145, '3237', 'ИК "Игровой паровозик с двумя вагонами"', 82722, 'комплект', '7800*800*2200'),
(146, '3235', 'ИК "Лучик"', 33044, 'комплект', '3100х3100х2300'),
(147, '3234', 'ИК "Луч"', 61156, 'комплект', '4100х6000х2300'),
(148, '3210', 'ИК "Лошадки"', 57200, 'комплект', '3600х2800х2700'),
(149, '3207', 'ИК "Спортивная крепость"', 83000, 'комплект', '3700х3900х2500'),
(150, '3203', 'ИК "Спортивный городок тип-3"', 48300, 'комплект', '2600х3700х2500'),
(151, '3239', 'ИК "Спортивный городок тип-4"', 51039, 'комплект', '6000х3400х2600'),
(152, '3202', 'ИК "Спортивный городок тип-2"', 97322, 'комплект', '5200х6000х2900'),
(153, '3201', 'ИК "Спортивный городок тип-1"', 115200, 'комплект', '6000х7000х2900'),
(154, '3206', 'ИК "Маленький замок"', 69039, 'комплект', '5300х3500х2500'),
(155, '3240', 'ИК "Яхта"', 65133, 'комплект', '5400х2400х2300'),
(156, '3220', 'ИК "Солнечный корабль"', 83900, 'комплект', '8700х4200х2600'),
(157, '3223', 'ИК "Баркасик" ', 43361, 'комплект', '2600х3000х1950'),
(158, '3233', 'ИК "Бриг"', 102000, 'комплект', '9000х4200х2600'),
(159, '3211', 'ИК "Кораблик"', 135100, 'комплект', '6600х3000х2200'),
(160, '3222', 'ИК "Фрегат"', 221000, 'комплект', '9000х5400х5000'),
(161, '3204', 'ИК "Замок - 2"', 420200, 'комплект', '8200х7000х2800'),
(162, '3231', 'ИК "Кремль"', 592593, 'комплект', '7400х8100х4400'),
(163, '3226', 'ИК "Вологодский кремль"', 851852, 'комплект', '15000х11200х4200'),
(164, '3244', 'ИК для детей с ОВ тип-1', 85800, 'комплект', '5200х3750х2700'),
(165, '3245', 'ИК для детей с ОВ тип-2', 18100, 'комплект', '1900х700х1600'),
(166, '3208', 'ИК "Крепость"', 67650, 'комплект', '4300*3700*2500'),
(167, '3209', 'ИК "Маленькая крепость"', 54125, 'комплект', '3300*2800*2500'),
(168, '3249', 'ИК "Оригами"', 81700, 'комплект', '3700*2100*2500'),
(169, '3250', 'ИК "Оригами тип 1"', 58500, 'комплект', '2400*2100*2500'),
(170, '3251', 'ИК "Оригами тип 2"', 92000, 'комплект', '5000*3500*2800'),
(171, '3248', 'ИК "Оригами тип 3"', 28750, 'комплект', '2100*1100*2500'),
(172, '3252', 'ИК "Паук"', 185000, 'комплект', '5200*4700*3500'),
(173, '3253', 'ИК "Принцесса"', 240000, 'комплект', '6500*5800*4500'),
(174, '3101', 'Горка "Минискат - 1"', 21722, 'комплект', '3500х700х1650'),
(175, '3102', 'Горка "Минискат - 2"', 26839, 'комплект', '3500х700х3000'),
(176, '3103', 'Горка "Снежинка -1"', 37106, 'комплект', '6800х1550х1950'),
(177, '3104', 'Горка "Снежинка -2"', 58478, 'комплект', '6000х7000х1950'),
(178, '3105', 'Горка "Малышок"', 16156, 'комплект', '2500х700х1350'),
(179, '3106', 'Игровой Комплекс "Горки"', 65922, 'комплект', '6700х4400х3000'),
(180, '3107', 'Игровой Комплекс "Эльф"', 45361, 'комплект', '3200х2500х3000'),
(181, '3108', 'Игровой комплекс "Паровозик"', 47167, 'комплект', '4800х1000х2500'),
(182, '3109', 'Игровой комплекс "Метеор"', 47167, 'комплект', '3100х2400х2600'),
(183, '3110', 'Игровой Комплекс "Эльф с беседкой"', 88967, 'комплект', '6000х2800х3000'),
(184, '3111', 'Игровой Комплекс "Эльф со спорт ядром"', 67906, 'комплект', '4200х4200х3000'),
(185, '3112', 'Игровой комплекс "Эльф-2 со спорт ядром"', 104161, 'комплект', '5700х4200х3000'),
(186, '3113', 'Игровой комплекс "Эльф-3 со спорт ядром"', 77456, 'комплект', '5000х4200х3000'),
(187, '3114', 'Игровой комплекс "Ромашка"', 70283, 'комплект', '4000х3400х3200'),
(188, '3115', 'Игровой комплекс "Ромашка со спорт ядром"', 92767, 'комплект', '5200х5300х2800'),
(189, '3116', 'Игровой комплекс "ТКМ-2"', 121867, 'комплект', '6100х5100х3200'),
(190, '3117', 'Игровой комплекс "ТКМ-3"', 148017, 'комплект', '7300х7300х3000'),
(191, '3118', 'Игровой комплекс "ТКМ-4"', 163900, 'комплект', '7000х5600х3000'),
(192, '3119', 'Игровой комплекс "ТКМ-5"', 204100, 'комплект', '9400х7100х3000'),
(193, '3120', 'Игровой комплекс "ТКМ-7"', 184844, 'комплект', '8700х6900х3700'),
(194, '3121', 'Игровой комплекс "ТКМ-7М"', 142322, 'комплект', '8900х4500х3700'),
(195, '3122', 'Игровой комплекс "ТКМ-8"', 129956, 'комплект', '6300х5000х3000'),
(196, '3123', 'Игровой комплекс "ТКМ-8 Спорт"', 138133, 'комплект', '6100х5800х3000'),
(197, '3124', 'Игровой комплекс "ТКМ-10"', 204522, 'комплект', '9000х6200х3000'),
(198, '3125', 'Игровой комплекс "ТКМ-11"', 251879, 'комплект', '11300х11400х3000'),
(199, '3126', 'Игровой комплекс "ТКМ-14"', 316202, 'комплект', '11900х9600х3000'),
(200, '3127', 'Игровой комплекс "ТКМ-15"', 460279, 'комплект', '17000х10600х3000'),
(201, '3128', 'Игровой комплекс "ТКМ-12"', 228561, 'комплект', '9000х8000х3000'),
(202, '3129', 'Игровой комплекс "ТКМ-16"', 156167, 'комплект', '8200х6700х3000'),
(203, '3130', 'Игровой комплекс "Форт"', 154133, 'комплект', '8700х6900х3800'),
(204, '3131', 'Игровой комплекс "Маленький замок"', 46917, 'комплект', '4800х2600х3200'),
(205, '3132', 'Игровой комплекс "Замок"', 110478, 'комплект', '9800х4400х3200'),
(206, '3133', 'Игровой комплекс "Лесная сказка"', 138344, 'комплект', '5500х5000х3000'),
(207, '3134', 'Игровой комплекс "Врата замка"', 158461, 'комплект', '5500х5200х3800'),
(208, '2109', 'Волебольные стойки', 3222, 'комплект', '7000х1000х2500'),
(209, '2108', 'Ворота для мини футбола', 7717, 'комплект', '3000х1100х2000'),
(210, '2113', 'Ворота для мини футбола с баскет. кольцом', 10422, 'комплект', '3000х1150х3300'),
(211, '2219', 'Футбольные ворота большие', 9900, 'комплект', '5000х1200х2150'),
(212, '2232', 'Хоккейные ворота', 3100, 'комплект', '1900*1000*1300'),
(213, '2106', 'Баскетбольная башня', 11244, 'комплект', '1500х1300х3500'),
(214, '2107', 'Баскетбольная башня -2', 17061, 'комплект', '2000х1300х3500'),
(215, '2105', 'Скамья спортивная', 3822, 'комплект', '1500х1300х400'),
(216, '2235', 'Скамья для переодевания', 5704, 'комплект', '2400х350х1000'),
(217, '2221', 'Скамья гимнастическая для пресса', 2593, 'комплект', '1500х400х500'),
(218, '2222', 'Скамья гимнастическая наклонная для пресса ', 2593, 'комплект', '1500х400х500'),
(219, '2220', 'Параллельные брусья', 6296, 'комплект', '3000х550х1500'),
(220, '2234', 'Стенка гимнастическая', 9333, 'комплект', '1600*530*2200'),
(221, '2223', 'Турник трехуровневый', 10535, 'комплект', '1900*1000*3000'),
(222, '2213', 'Шведская лестница', 5000, 'комплект', '550х500х1890'),
(223, '2114', 'Спорт комплекс "Жираф"', 10600, 'комплект', '1100х800х2650'),
(224, '2218', 'Стенка для метания', 6461, 'комплект', '1800х1500х1800'),
(225, '2229', 'Теннисный стол', 6667, 'комплект', '2750*1500*900'),
(226, '2212', 'Спорт комплекс "Джунгли"', 9500, 'комплект', '3000х1700х1800'),
(227, '2217', 'Спортивный лаз', 18074, 'комплект', '1600х1300х2400'),
(228, '2111', 'Шведский комплекс "Завиток"', 8700, 'комплект', '1800х600х1800'),
(229, '2112', 'Шведский комплекс "Завиток - 2"', 23700, 'комплект', '2800х600х1800'),
(230, '2110', 'Лабиринт "Зиг-Заг"', 11667, 'комплект', '4500х1500х900'),
(231, '2104', 'Детский рукоход "Кенга"', 12700, 'комплект', '3000х1500х2000'),
(232, '2101', 'Спорт комплекс "Юниор"', 20067, 'комплект', '3500х1900х2300'),
(233, '2115', 'Спорт комплекс "Юнга"', 37800, 'комплект', '4000х2400х7000'),
(234, '2103', 'Детский рукоход "Кенга-1"', 12700, 'комплект', '3500х1600х2000'),
(235, '2102', 'Спорт комплекс "Минимакс"', 29367, 'комплект', '2800х2250х2300'),
(236, '2116', 'Спорт комплекс "Кенга ДС"', 9300, 'комплект', '3000х1600х1500'),
(237, '2117', 'Спорт комплекс "Минимакс ДС"', 16300, 'комплект', '2800х2250х1500'),
(238, '2207', 'Спорт комплекс СК-5', 28900, 'комплект', '2500х1500х2000'),
(239, '2215', 'Спорт комплекс СК-7', 32461, 'комплект', '2900х2900х2000'),
(240, '2206', 'Спорт комплекс СК-4', 34300, 'комплект', '4000х1600х2300'),
(241, '2214', 'Спорт комплекс СК-6', 54767, 'комплект', '5800х5200х2100'),
(242, '2211', 'Спорт комплекс СК-4 тип 2', 41156, 'комплект', '4800х4000х2300'),
(243, '2216', 'ИК "Русская сказка со спортядром"', 67000, 'комплект', '4500х2900х3000'),
(244, '2204', 'Спорт комплекс СК-3', 17300, 'комплект', '1750х700х1600'),
(245, '2201', '"Миниспорт"', 35200, 'комплект', '2100х3100х1700'),
(246, '2202', 'Спорт комплекс СК-1', 31000, 'комплект', '2500х3100х2250'),
(247, '2203', 'Спорт комплекс СК-2', 15300, 'комплект', '2100х2100х1600'),
(248, '2208', 'Полоса препятствий 2', 260000, 'комплект', '9800х9000х1800'),
(249, '2209', 'Полоса препятствий 3', 212306, 'комплект', '9300х8100х1800'),
(250, '2237', 'Стена с наклонной доской', 26370, 'комплект', '2200х2000х1500'),
(251, '2238', 'Лежак', 19062, 'комплект', '2200х1000х600'),
(252, '2239', 'Стена с двумя проемами', 27874, 'комплект', '2500*400*1200'),
(253, '2240', 'Разрушенная лестница', 29092, 'комплект', '3500х1500х1500'),
(254, '2241', 'Разрушенный мост', 28137, 'комплект', '10500х2000х1500'),
(255, '2242', 'Лабиринт ', 25021, 'комплект', '6000х2000х1000'),
(256, '2236', 'Полоса препятствий в одинарном исполнении ', 222222, 'комплект', '47000*3000*1500'),
(257, '2233', 'Опора для заградительной сетки', 8900, 'шт', '8000*80*5000'),
(258, '2205', 'Полоса препятсвий 1', 52000, 'комплект', '6500х700х1650'),
(259, '2230', 'Спорт комплекс "Пирамида"', 133333, 'комплект', '6000х6000х3600'),
(260, '1508', 'Скамья парковая тип-1', 3656, 'комплект', '1900х460х450'),
(261, '1507', 'Диван парковый тип-1', 4583, 'комплект', '1900х460х600'),
(262, '1510', 'Скамья парковая тип-2', 6617, 'комплект', '1900х500х400'),
(263, '1509', 'Диван парковый тип-2', 7956, 'комплект', '1900х550х650'),
(264, '1506', 'Скамья сборная ', 3656, 'комплект', '2000х700х700'),
(265, '1504', 'Диван из кубиков 1', 6767, 'комплект', '1500х600х500'),
(266, '1503', 'Скамья из кубиков', 4256, 'комплект', '1500х500х500'),
(267, '1502', 'Диван с навесом из кубиков', 15122, 'комплект', '1500х1350х1800'),
(268, '1505', 'Диван сборный', 5894, 'комплект', '2000х700х900'),
(269, '1501', 'Диван двухсторонний с навесом из кубиков', 21156, 'комплект', '1500х1350х1800'),
(270, '1514', 'Скамья "Пальма" тип-1', 9678, 'комплект', '800х600х2200'),
(271, '1517', 'Скамья "Катерок"', 10317, 'комплект', '2130х615х880'),
(272, '1519', 'Скамья "Крокодил"', 9761, 'комплект', '2440х650х650'),
(273, '1515', 'Скамья "Гусеница"', 8306, 'комплект', '1300х615х780'),
(274, '1518', 'Скамья "Самолет"', 11561, 'комплект', '2150х1000х880'),
(275, '1516', 'Скамья "Вагончик"', 9206, 'комплект', '2150х615х880'),
(276, '1522', 'Скамья "Черепаха"', 9206, 'комплект', '1600х615х970'),
(277, '1521', 'Скамья "Улитка"', 8306, 'комплект', '1250х615х970'),
(278, '1511', 'Стол со скамьями "Пикник"', 11867, 'комплект', '1700х1300х650'),
(279, '1520', 'Скамья "Львенок"', 5956, 'комплект', '1200х650х950'),
(280, '1512', 'Стол со скамьями "Луна"', 9844, 'комплект', '1800х1750х650'),
(281, '1513', 'Трибуна', 8978, 'комплект', '2000х1150х950'),
(282, '1526', 'Трибуна с навесом', 20296, 'комплект', '2800*200*2350'),
(283, '1624', 'Скамейка бетонная тип-2', 3137, 'комплект', '1500х450х450'),
(284, '1625', 'Скамейка бетонная тип-3', 4539, 'комплект', '1600х1200х450'),
(285, '1626', 'Скамейка бетонная тип-4', 2967, 'комплект', '1500х450х450'),
(286, '1627', 'Скамейка бетонная тип-5', 3562, 'комплект', '1500х450х450'),
(287, '1628', 'Скамейка бетонная тип-6', 3732, 'комплект', '1500х450х750'),
(288, '1629', 'Скамейка бетонная тип-7', 3817, 'комплект', '1600х500х450'),
(289, '1630', 'Скамейка бетонная тип-8', 5083, 'комплект', '1600х500х750'),
(290, '1631', 'Скамейка бетонная тип-9', 3188, 'комплект', '1500х450х450'),
(291, '1632', 'Скамейка бетонная тип-10', 4157, 'комплект', '1500х450х750'),
(292, '1633', 'Скамейка бетонная тип-11', 3783, 'комплект', '1800х450х450'),
(293, '1634', 'Скамейка бетонная тип-12', 7336, 'комплект', '1800х450х450'),
(294, '1601', 'Урна бетонная тип-1', 1437, 'комплект', '400х400х520'),
(295, '1602', 'Урна бетонная тип-2', 1258, 'комплект', '400х400х520'),
(296, '1603', 'Урна бетонная тип-3', 1182, 'комплект', '750х750х900'),
(297, '1604', 'Урна бетонная тип-4', 1216, 'комплект', '400х400х520'),
(298, '1605', 'Урна бетонная тип-5', 2100, 'комплект', '400х400х520'),
(299, '1606', 'Урна бетонная тип-6', 1216, 'комплект', '400х400х520'),
(300, '1607', 'Урна бетонная тип-7', 1216, 'комплект', '400х400х520'),
(301, '1608', 'Урна бетонная тип-8', 1216, 'комплект', '400х400х520'),
(302, '1609', 'Урна бетонная тип-9', 1216, 'комплект', '400х400х520'),
(303, '1610', 'Урна бетонная тип-10', 1216, 'комплект', '400х400х520'),
(304, '1611', 'Цветочница бетонная тип-1', 1683, 'комплект', '400х400х400'),
(305, '1612', 'Цветочница бетонная тип-2', 2712, 'комплект', '800х800х400'),
(306, '1613', 'Цветочница бетонная тип-3', 2627, 'комплект', '800х800х400'),
(307, '1614', 'Цветочница бетонная тип-4', 2372, 'комплект', '1200х350х400'),
(308, '1615', 'Цветочница бетонная тип-5', 2627, 'комплект', '800х800х450'),
(309, '1616', 'Цветочница бетонная тип-6', 2627, 'комплект', '800х800х450'),
(310, '1617', 'Цветочница бетонная тип-7', 2627, 'комплект', '800х800х450'),
(311, '1618', 'Цветочница бетонная тип-8', 2627, 'комплект', '800х800х450'),
(312, '1619', 'Цветочница бетонная тип-9', 2627, 'комплект', '800х800х450'),
(313, '1620', 'Цветочница бетонная тип-10', 2372, 'комплект', '1200х350х400'),
(314, '1621', 'Цветочница бетонная тип-11', 2372, 'комплект', '1200х350х400'),
(315, '1622', 'Цветочница бетонная тип-12', 2372, 'комплект', '1200х350х400'),
(316, '1635', 'Ограждение металлическое тип-1', 556, '1 п.м.', '2000х400'),
(317, '1636', 'Ограждение металлическое тип-2', 556, '1п.м.', '2000х400'),
(318, '1637', 'Ограждение металлическое тип-3', 556, '1 п.м.', '2000х400'),
(319, '1638', 'Ограждение металлическое тип-4', 556, '1п.м.', '2000х400'),
(320, '1639', 'Ограждение металлическое тип-5', 556, '1 п.м.', '2000х400'),
(321, '1640', 'Ограждение металлическое тип-6', 556, '1п.м.', '2000х400'),
(322, '1641', 'Забор "Детский"', 1533, '1 п.м.', '1600*80*800'),
(323, '1642', 'Забор "Лесная полянка"', 1733, '1п.м.', '1200*120*500'),
(324, '1439', 'Велостойка тип-1', 2480, '1п.м.', '2000х500х300'),
(325, '1440', 'Велостойка тип-2', 3750, '1п.м.', '1500х500х500');

-- --------------------------------------------------------

--
-- Структура таблицы `users`
--

CREATE TABLE IF NOT EXISTS `users` (
  `id` int(10) unsigned NOT NULL AUTO_INCREMENT,
  `email` varchar(255) COLLATE utf8_unicode_ci NOT NULL,
  `password` varchar(64) COLLATE utf8_unicode_ci NOT NULL,
  `name` varchar(255) COLLATE utf8_unicode_ci NOT NULL,
  `surname` varchar(255) COLLATE utf8_unicode_ci NOT NULL,
  `last_login` datetime DEFAULT NULL,
  PRIMARY KEY (`id`)
) ENGINE=InnoDB  DEFAULT CHARSET=utf8 COLLATE=utf8_unicode_ci AUTO_INCREMENT=2 ;

--
-- Дамп данных таблицы `users`
--

INSERT INTO `users` (`id`, `email`, `password`, `name`, `surname`, `last_login`) VALUES
(1, 'ozicoder@gmail.com', 'admin', '', '', NULL);

/*!40101 SET CHARACTER_SET_CLIENT=@OLD_CHARACTER_SET_CLIENT */;
/*!40101 SET CHARACTER_SET_RESULTS=@OLD_CHARACTER_SET_RESULTS */;
/*!40101 SET COLLATION_CONNECTION=@OLD_COLLATION_CONNECTION */;
